{"conv1d": {"bias:0": [-0.014220181852579117, 0.007316142320632935, -0.010733470320701599, -0.004392930772155523], "kernel:0": [[[-0.4725567102432251, 0.44394394755363464, -0.2180587202310562, -0.279460072517395]], [[-0.6523179411888123, 0.4561058580875397, -0.10584009438753128, -0.44670432806015015]], [[-0.40335240960121155, 1.1020514965057373, -0.5759788155555725, -0.3460669219493866]], [[-0.39493328332901, 1.0846763849258423, -0.7128783464431763, -0.26121193170547485]], [[-0.03644487261772156, 0.7746142148971558, -0.356253057718277, -0.19299007952213287]], [[-0.12992705404758453, 0.8579716682434082, -0.6503883004188538, -0.18553699553012848]], [[0.1544525921344757, 0.26823362708091736, -0.7551378011703491, -0.6609405875205994]], [[0.6157074570655823, -0.40884387493133545, -0.508364200592041, -0.46195393800735474]], [[0.4649840295314789, -0.8173587918281555, -0.29131078720092773, -0.7341434359550476]], [[0.15360505878925323, -1.1010209321975708, -0.3575291633605957, -0.3981459140777588]], [[-0.034460876137018204, -1.1628862619400024, -0.3309982419013977, -0.3982865810394287]], [[-0.23217709362506866, -1.0717132091522217, -0.33395522832870483, -0.45116889476776123]]]}, "conv1d_1": {"bias:0": [0.027293946593999863, -0.009752326644957066, 0.023139076307415962, 0.05445912107825279], "kernel:0": [[[0.1999448537826538, -0.17941680550575256, -0.4804096221923828, 0.13097335398197174], [-0.048395708203315735, 0.6550654172897339, -0.4844145178794861, 0.043516408652067184], [-0.24828629195690155, -0.19850388169288635, -0.19726046919822693, 0.13152675330638885], [0.03358064964413643, -0.06692714244127274, -0.06513999402523041, 0.10293543338775635]], [[0.15681985020637512, 0.4570586681365967, -0.11450804024934769, -0.12852443754673004], [-0.06932263821363449, -0.008519995957612991, -0.10624923557043076, -0.019828155636787415], [0.042760107666254044, -0.6132778525352478, 0.42999500036239624, -0.011586958542466164], [0.2264157086610794, -0.44188210368156433, 0.37408721446990967, 0.37740573287010193]], [[-0.04095602408051491, 0.21275170147418976, -0.26694411039352417, -0.12057404965162277], [0.3689388036727905, -0.7215774059295654, 0.9930281043052673, -0.015953637659549713], [-0.341743141412735, 0.3696369230747223, -0.9385156631469727, -0.20699873566627502], [-0.08821819722652435, 0.46562159061431885, -0.6859193444252014, -0.22486814856529236]], [[0.2379261553287506, 0.3072860538959503, -0.10573997348546982, 0.21697615087032318], [0.2652473747730255, 0.245515838265419, 0.5886767506599426, -0.36058035492897034], [-0.44985172152519226, 1.0186954736709595, 0.3242496848106384, 0.5913655757904053], [-0.37732744216918945, 0.8564401268959045, 0.6254615187644958, 0.357753723859787]], [[0.7459571957588196, 0.6473082304000854, -0.2302320897579193, 0.1361541450023651], [-2.217184543609619, -0.7725133895874023, 1.396371841430664, -1.3555376529693604], [0.6059049367904663, 0.39001983404159546, -0.0017528386088088155, -1.116824984550476], [0.2185518741607666, 0.33891937136650085, 0.32676729559898376, -1.3788217306137085]], [[-0.24937792122364044, -0.08365070074796677, 0.08012355118989944, -0.5992950201034546], [-0.16494911909103394, 0.008496014401316643, 0.18464097380638123, 0.2522881031036377], [-0.08592034876346588, 0.08871231973171234, -0.04503990709781647, 0.012742266990244389], [-0.03724711015820503, -0.06688185036182404, -0.06772205233573914, -0.34483635425567627]], [[0.0445978082716465, 0.16428214311599731, -0.11523464322090149, -0.2510942220687866], [-0.17891284823417664, -0.3405831456184387, -0.36728933453559875, -0.29972001910209656], [-0.0016057653119787574, 0.0806829109787941, 0.055270858108997345, 0.01912883296608925], [0.07926587760448456, 0.18528272211551666, 0.09790477156639099, 0.031594473868608475]], [[-0.24544657766819, -0.1030450090765953, 0.5035428404808044, -0.35348260402679443], [0.016103683039546013, -0.05960189923644066, -0.6702921390533447, 0.8475797176361084], [-0.567114531993866, -0.05931340157985687, 0.2519230544567108, -0.42705145478248596], [-0.26221245527267456, 0.10193631798028946, 0.3578746020793915, -0.35710257291793823]], [[-0.18859365582466125, 0.228846475481987, 0.36390796303749084, -0.2547298073768616], [0.21688172221183777, 0.021862749010324478, 0.008499156683683395, 0.3608837127685547], [-0.11180229485034943, 0.21665525436401367, 0.6078741550445557, 0.022993257269263268], [-0.1300414502620697, 0.20095005631446838, 0.7057746648788452, 0.09291578084230423]], [[-0.17088377475738525, 0.21475236117839813, 0.22230498492717743, -0.4173230230808258], [0.3277817368507385, 0.2286597043275833, -0.08977759629487991, 0.21183477342128754], [-0.5484026670455933, 0.11987230181694031, -0.2912083864212036, 0.14103524386882782], [-0.3008183240890503, 0.19295866787433624, -0.13151142001152039, 0.058717161417007446]], [[-0.12048046290874481, 0.390891969203949, 0.7541413307189941, -0.2601693272590637], [0.07979623973369598, 0.04682966321706772, 0.1740735024213791, -0.11510775238275528], [0.05294700711965561, 0.3287380039691925, 0.07408594340085983, -0.23256351053714752], [-0.016433734446763992, 0.22248409688472748, 0.3968389332294464, -0.051532600075006485]], [[0.008201951161026955, 0.584930419921875, 0.9825270771980286, -0.35778290033340454], [0.9137880206108093, 0.3524624705314636, 0.047694552689790726, 0.38311123847961426], [-0.35121992230415344, 0.05221271514892578, 0.2075994312763214, -0.7763363122940063], [-0.3654785752296448, 0.12317441403865814, 0.11246125400066376, -0.6391469240188599]]]}, "dense": {"bias:0": [-0.0087547916918993], "kernel:0": [[-0.3358761668205261], [-0.24207210540771484], [0.18533311784267426], [-0.17667651176452637], [0.051792941987514496], [0.09394443035125732], [-0.29898715019226074], [0.11990909278392792], [0.11618410050868988], [0.5230692625045776], [0.35169798135757446], [0.2101605087518692], [-0.18369542062282562], [-0.13975614309310913], [0.10948406159877777], [0.1443520486354828], [-0.09753779321908951], [-0.046103335916996], [0.19885893166065216], [0.17060066759586334], [-0.07582008838653564], [-0.11057310551404953], [0.16867445409297943], [0.34323903918266296]]}, "lstm": {"lstm_cell": {},