{"conv1d": {"bias:0": [-0.007171242497861385, -0.0007345184567384422, -0.0059266723692417145, 0.003989696502685547], "kernel:0": [[[-0.25981569290161133, 0.11576682329177856, 0.3627072274684906, 0.11303628236055374]], [[-0.001707269111648202, 0.2626657485961914, -0.045128434896469116, 0.2766905128955841]], [[0.4583519697189331, 0.15329362452030182, -0.12831677496433258, 0.007117430213838816]], [[0.31845322251319885, 0.015613462775945663, 0.15466171503067017, -0.2023533135652542]], [[0.3536120057106018, -0.16378839313983917, -0.09009106457233429, 0.0915747582912445]], [[0.28068962693214417, -0.29097896814346313, 0.16676124930381775, 0.10982092469930649]], [[-0.5002828240394592, -0.3843327462673187, 0.21018853783607483, 0.7409496903419495]], [[-0.7549893260002136, -0.04070465639233589, 0.18565839529037476, 0.3564485013484955]], [[-0.45023301243782043, 0.1869584023952484, -0.9381744861602783, 0.08673662692308426]], [[0.5111755132675171, 0.8790350556373596, -1.0649434328079224, -1.2586816549301147]], [[0.11003291606903076, 0.7591175436973572, -0.9968458414077759, -0.8760784864425659]], [[-1.2170923948287964, -1.6852021217346191, 1.8577297925949097, 0.6945963501930237]]]}, "conv1d_1": {"bias:0": [0.10662440955638885, 0.06160109490156174, 0.0006100299069657922, -0.004301628563553095], "kernel:0": [[[0.11119884252548218, 0.01912224292755127, -0.016031861305236816, 0.0002738833427429199], [-0.1876927614212036, -0.23957687616348267, -0.17061424255371094, 0.09445148706436157], [0.2466219663619995, -0.02430427074432373, 0.026870250701904297, -0.06859546899795532], [-0.23245948553085327, -0.10266292095184326, 0.025143325328826904, 0.1711941361427307]], [[0.0008247789810411632, -0.018081624060869217, 0.16327910125255585, -0.7732729911804199], [0.4066934585571289, -0.2829403877258301, -0.10897859930992126, 0.6262900233268738], [0.24413207173347473, 0.015475784428417683, -0.44168147444725037, 0.2700655460357666], [-0.4376870095729828, -0.024609418585896492, 0.07059591263532639, 0.7852200269699097]], [[0.2508254647254944, 0.2590712904930115, -0.07329488545656204, -0.30899256467819214], [-0.024482831358909607, -0.2016916573047638, -0.0946354866027832, -0.5314749479293823], [0.10962632298469543, -0.06022639945149422, -0.22963596880435944, -0.2979060411453247], [-0.2318752259016037, -0.281897634267807, 0.14613446593284607, 0.251685231924057]], [[-0.009476479142904282, 0.09467049688100815, -0.13219329714775085, -0.3688916265964508], [0.2229699194431305, 0.16733716428279877, -0.0593482181429863, -0.7717390656471252], [0.15972425043582916, 0.0726206824183464, -0.24619874358177185, -0.27700114250183105], [-0.10765554755926132, -0.10424728691577911, 0.17727866768836975, 0.4097898304462433]], [[-0.131622314453125, 0.16284944117069244, -0.14642806351184845, -0.2963809072971344], [-0.5035576224327087, 0.06734897196292877, 0.08446681499481201, -0.20979948341846466], [-0.03403311222791672, 0.1253102421760559, -0.25977832078933716, -0.27684956789016724], [-0.03746713325381279, -0.13710899651050568, 0.2523803114891052, 0.306439608335495]], [[-0.4762111306190491, 0.15790970623493195, -0.11796636134386063, -0.20373694598674774], [-0.47209930419921875, 0.27738824486732483, -0.10803840309381485, -0.37129953503608704], [-0.18393541872501373, 0.1638912856578827, -0.1161988377571106, -0.0706549882888794], [0.22887060046195984, -0.33186087012290955, 0.2011307328939438, 0.42192503809928894]], [[-0.5524629950523376, 0.19361206889152527, 0.1993042230606079, 0.13004466891288757], [-0.7718628644943237, 0.31005197763442993, -0.07306776940822601, -0.25718197226524353], [-0.4813506305217743, 0.11877913028001785, -0.06064493954181671, 0.10109356045722961], [0.3151404559612274, -0.3544660806655884, 0.0010610942263156176, 0.24319258332252502]], [[-0.5560784935951233, -0.013622572645545006, 0.028664980083703995, 0.058337822556495667], [-0.42064422369003296, 0.15461380779743195, 0.1161186695098877, 0.06314122676849365], [-0.25835275650024414, 0.24204817414283752, 0.026036124676465988, 0.018498605117201805], [0.5596259236335754, -0.06143767759203911, 0.01218435075134039, 0.03366348519921303]], [[-0.47055354714393616, -0.06731559336185455, 0.21940582990646362, -0.2833912968635559], [-0.307319700717926, 0.04065237194299698, 0.3223731517791748, -0.1682460457086563], [-0.09919542074203491, 0.2397100180387497, -0.2696799337863922, 0.13787753880023956], [0.46771588921546936, -0.1114683672785759, -0.06906164437532425, 0.41945528984069824]], [[-0.2438305765390396, -0.09889167547225952, 0.37687256932258606, -0.03882800415158272], [0.22235271334648132, -0.15648126602172852, 0.3623470366001129, -0.23009580373764038], [-0.4275229275226593, 0.12320449203252792, -0.3669392466545105, -0.005731221754103899], [0.14609022438526154, -0.05573200434446335, 0.41298535466194153, -0.1303490847349167]], [[1.4872101545333862, 1.6488924026489258, 0.3505114018917084, 0.9198290705680847], [1.347345232963562, 1.7321735620498657, -0.5359821915626526, 1.272047519683838], [-1.4420875310897827, -2.462315559387207, 2.4109153747558594, -2.4481375217437744], [-1.5329132080078125, -0.47918692231178284, 1.7569986581802368, -1.5763334035873413]], [[0.1284082531929016, -0.08504176139831543, 0.19298189878463745, 0.005214095115661621], [0.222900390625, 0.18764346837997437, 0.18223053216934204, 0.07345074415206909], [-0.18168342113494873, -0.0597681999206543, -0.18388211727142334, 0.20596933364868164], [-0.00043022632598876953, -0.17947828769683838, -0.20071905851364136, 0.053633272647857666]]]}, "dense": {"bias:0": [-0.053035154938697815], "kernel:0": [[-0.002318772953003645], [-0.25916650891304016], [0.5809953808784485], [0.21325898170471191], [0.8569687008857727], [0.003536243923008442], [0.45478782057762146], [0.5569533109664917], [0.44320282340049744], [-0.5096557140350342], [-0.3184279799461365], [0.7678956389427185], [0.5800396800041199], [0.3241700232028961], [-0.5126626491546631], [-0.2517290413379669], [-0.16173270344734192], [-0.017077626660466194], [-0.5744408369064331], [-1.2072042226791382], [1.035285472869873], [0.002180804032832384], [-0.3071235716342926], [0.49026384949684143]]}, "lstm": {"lstm_cell": {},