{"conv1d": {"bias:0": [0.006291668396443129, -0.003877663752064109, 0.006087374407798052, 0.0014426071429625154], "kernel:0": [[[-1.4352494478225708, -1.2178906202316284, 1.2396571636199951, 0.15084697306156158]], [[-1.836448311805725, -0.14779525995254517, 0.44255292415618896, 0.5754935145378113]], [[-2.571446180343628, 0.460980623960495, 0.5432344675064087, 0.6500940918922424]], [[-2.565202236175537, 1.0110888481140137, 0.03137261047959328, 0.5419108867645264]], [[-2.2806735038757324, 1.3875205516815186, 0.009712203405797482, -0.2735663950443268]], [[-1.7844234704971313, 2.2888102531433105, -0.03141171112656593, -0.5873034000396729]], [[-1.2264161109924316, 2.0935401916503906, 0.4717516601085663, -1.0479003190994263]], [[-0.20901678502559662, 2.5196399688720703, 0.5868984460830688, -1.253780722618103]], [[1.3464962244033813, 2.711494207382202, 1.5045928955078125, -1.8270540237426758]], [[1.7668675184249878, 1.898459792137146, 1.6675280332565308, -1.775343894958496]], [[2.753159761428833, 1.5006272792816162, 1.81882905960083, -1.5182437896728516]], [[2.655468702316284, -0.2641696333885193, 1.3657952547073364, -0.50091552734375]]]}, "conv1d_1": {"bias:0": [0.011754087172448635, 0.12716779112815857, -0.04041953757405281, 0.006545973010361195], "kernel:0": [[[-0.21270453929901123, 0.10066264867782593, 0.0018023848533630371, -0.1250264048576355], [0.04081457853317261, 0.0684252381324768, 0.01868826150894165, 0.18810999393463135], [0.029504477977752686, -0.21106702089309692, 0.0004553794860839844, -0.17217332124710083], [0.0778646469116211, 0.06873518228530884, 0.03779631853103638, 0.0617101788520813]], [[0.3628672659397125, 0.6826595067977905, 0.32956939935684204, -0.07033351808786392], [-0.5288912057876587, 0.4059622585773468, 0.14082199335098267, 0.12051461637020111], [0.533347487449646, -1.1312346458435059, -0.6328393816947937, 0.018745655193924904], [-0.004118205048143864, 0.0038836635649204254, 0.12414627522230148, 0.00747232511639595]], [[0.12355221062898636, 0.2072352170944214, -0.07376938313245773, 0.09160111844539642], [-0.19860723614692688, -0.07760323584079742, -0.05545847862958908, 0.04104353487491608], [0.07562857866287231, -0.28532034158706665, -0.15963414311408997, 0.09247620403766632], [-0.24887314438819885, -0.11012200266122818, -0.1137697845697403, 0.06643394380807877]], [[0.05000189319252968, 0.08385137468576431, -0.04134555533528328, -0.006093996111303568], [0.08866503834724426, -0.037289515137672424, 0.013974586501717567, -0.11100349575281143], [0.08452142030000687, -0.2807295620441437, -0.25793692469596863, 0.17081932723522186], [0.13989363610744476, -0.0895003154873848, -0.05565851926803589, -0.1730036735534668]], [[0.022333592176437378, 0.3123443126678467, -0.061252690851688385, 0.08820826560258865], [0.15168841183185577, 0.02609756402671337, -0.06376536935567856, 0.08576436340808868], [0.09644914418458939, 0.01243828609585762, -0.16768519580364227, -0.09401983767747879], [-0.041862454265356064, 0.22914738953113556, -0.1453002542257309, -0.1081760972738266]], [[-6.204438977874815e-05, 0.2927030026912689, 0.09465198218822479, -6.778107490390539e-05], [-0.021743614226579666, -0.13458794355392456, -0.08368948101997375, -0.01112817507237196], [0.15380114316940308, -0.25179189443588257, -0.08262200653553009, -0.023856431245803833], [0.3474917709827423, 0.009765958413481712, 0.2691003680229187, -0.10723351687192917]], [[-0.04030347988009453, 0.3180273473262787, 0.15187135338783264, 0.017940301448106766], [0.35891133546829224, -0.047981929033994675, 0.14963825047016144, 0.06798794865608215], [-0.025506947189569473, -0.14991866052150726, -0.05008648708462715, 0.08859869092702866], [0.14270798861980438, 0.027488157153129578, 0.03081740252673626, 0.2122805118560791]], [[0.16172578930854797, 0.5124405026435852, 0.3074360191822052, 0.016871733590960503], [0.2036779671907425, 0.028283150866627693, 0.21543267369270325, -0.023585274815559387], [0.03816065564751625, 0.12822400033473969, 0.4926612675189972, -0.08216209709644318], [-0.030988438054919243, -0.30731356143951416, -0.4223109781742096, 0.10755735635757446]], [[-0.47131773829460144, 0.5059748291969299, -0.10460429638624191, -0.1332317441701889], [0.06156039237976074, 0.3771774172782898, 1.140580415725708, -0.1931210309267044], [-0.5596339702606201, 0.2652323544025421, 1.0967731475830078, 0.18511320650577545], [0.17814309895038605, -0.2218252420425415, -0.6304610371589661, 0.2889123558998108]], [[-1.5764238834381104, -0.28888529539108276, -1.8719810247421265, -0.28548526763916016], [-2.4007163047790527, 0.8838717937469482, 1.2810665369033813, -0.3362639844417572], [-1.981987714767456, 1.061867356300354, 1.0196256637573242, 0.4140520393848419], [1.9150996208190918, -0.5517270565032959, -0.42401859164237976, 0.5144593119621277]], [[-0.544731616973877, -2.6085000038146973, 0.9923121333122253, -5.790145397186279], [2.804392099380493, -0.3659436106681824, -2.424266815185547, -0.35702431201934814], [0.593872606754303, -0.7177523374557495, -1.1169592142105103, -1.2237552404403687], [-1.3711576461791992, 0.634009599685669, 1.3660888671875, 1.4528965950012207]], [[0.07320058345794678, 0.06143301725387573, 0.2199527621269226, 0.18197119235992432], [0.2109556794166565, 0.200961172580719, 0.2144331932067871, 0.19695895910263062], [-0.2361869215965271, 0.027518153190612793, -0.07683330774307251, 0.058456480503082275], [0.17654407024383545, 0.23326855897903442, 0.09193599224090576, 0.17707139253616333]]]}, "dense": {"bias:0": [-0.022259077057242393], "kernel:0": [[0.20133492350578308], [-0.19385050237178802], [0.1849774718284607], [-0.09307252615690231], [-0.058373987674713135], [0.17323777079582214], [0.5147032737731934], [0.04662347212433815], [-0.22879812121391296], [-0.4458652138710022], [0.08045797049999237], [-0.10800019651651382], [0.20761598646640778], [-0.11898621916770935], [0.20398281514644623], [0.17000262439250946], [0.11038019508123398], [0.15779541432857513], [0.1350712776184082], [-0.051631562411785126], [-0.12425189465284348], [-0.03224871680140495], [0.10332358628511429], [-0.09421639889478683]]}, "lstm": {"lstm_cell": {},