{"conv1d": {"bias:0": [0.006160936783999205, -0.019255923107266426, -0.00422985665500164, -0.007247373461723328], "kernel:0": [[[2.5022811889648438, 0.7011412978172302, -0.9995805025100708, 0.763134241104126]], [[2.071401596069336, 0.02547665312886238, -0.8732072114944458, 0.3722597360610962]], [[1.8908652067184448, -0.8124533891677856, -0.8858866691589355, 0.2051304578781128]], [[1.2020395994186401, -1.4734301567077637, -0.3815494477748871, -0.3871438205242157]], [[0.25543081760406494, -2.0880062580108643, -0.612538754940033, -0.5809020400047302]], [[-0.16762970387935638, -2.5625033378601074, -0.6593812108039856, -0.48979485034942627]], [[-0.6657503843307495, -2.502311944961548, -0.9196586608886719, -0.9453508257865906]], [[-0.9747783541679382, -2.2686407566070557, -1.0631251335144043, -1.125370979309082]], [[-1.575415015220642, -1.3755203485488892, -0.9649066925048828, -1.0617116689682007]], [[-2.139266014099121, 0.08257550746202469, -0.6802393794059753, -1.2340177297592163]], [[-2.2831051349639893, 1.7785844802856445, -0.4741014540195465, -1.4195126295089722]], [[-2.045163154602051, 3.9279708862304688, -0.003893611254170537, -0.93923419713974]]]}, "conv1d_1": {"bias:0": [-0.147210031747818, 0.0013843710767105222, 0.10289643704891205, -0.01689041592180729], "kernel:0": [[[0.19287323951721191, 0.14510977268218994, -0.13398033380508423, -0.006098389625549316], [-0.18231695890426636, -0.1960088610649109, -0.08590775728225708, -0.032260894775390625], [-0.17803150415420532, -0.21741676330566406, -0.11073559522628784, 0.24988359212875366], [0.21493077278137207, -0.211686372756958, 0.19538110494613647, 0.12375551462173462]], [[-0.1868238002061844, 0.3341662883758545, 0.46579474210739136, 0.41944167017936707], [0.3648105561733246, -0.1774391233921051, -0.08766726404428482, 0.4821738600730896], [0.04354976490139961, 0.2587203085422516, -0.7803210020065308, -0.35740038752555847], [0.4009990692138672, -0.25148624181747437, -0.2655717134475708, -0.07451466470956802]], [[-0.11376053839921951, -0.061040692031383514, 0.16500364243984222, 0.46462714672088623], [0.11734350025653839, -0.46595537662506104, -0.06325756758451462, -0.05578681826591492], [0.19393865764141083, -0.21501891314983368, -0.5654684901237488, -0.16376692056655884], [0.07477353513240814, -0.05905769020318985, -0.43942442536354065, -0.1508263200521469]], [[-0.12176932394504547, 0.37242498993873596, 0.8438453078269958, -0.6568406820297241], [0.2307308465242386, 0.22574765980243683, -0.019443944096565247, -0.07695995271205902], [0.1375514417886734, 0.2998248040676117, 0.013545366935431957, -0.2667088508605957], [-0.2008323073387146, -0.12318602949380875, 0.4349958598613739, -0.5672892928123474]], [[0.09666915237903595, -0.2978859543800354, -0.511563241481781, 0.18196216225624084], [-0.40162208676338196, 0.18677927553653717, 0.9540974497795105, -0.26997169852256775], [-0.28594037890434265, 0.16160878539085388, 0.57638019323349, -0.6579518914222717], [-0.37137389183044434, 0.20386692881584167, 0.65150386095047, -0.6510968208312988]], [[-0.3825911283493042, -0.3905455768108368, -0.43628576397895813, 0.606050968170166], [-0.20839864015579224, -0.06168336048722267, 0.4373439848423004, -0.08131822198629379], [-0.45555543899536133, 0.3574620485305786, 0.10884809494018555, 0.1621042639017105], [-0.13344746828079224, 0.1421356499195099, 0.27937373518943787, -0.2699190080165863]], [[-0.1541161835193634, -0.5432373881340027, -0.24500247836112976, 0.12768690288066864], [-0.5562799572944641, 0.2090870887041092, 0.08442919701337814, 0.9642443060874939], [-0.19654010236263275, 0.09013916552066803, -0.17800372838974, 0.44668084383010864], [-0.5876057744026184, -0.0770483911037445, -0.4400423765182495, 0.9269732236862183]], [[0.08584115654230118, -0.22485186159610748, 0.9093677997589111, -0.8211995363235474], [0.04834231361746788, 0.3412303030490875, -0.5185166597366333, 0.806231677532196], [-0.031694456934928894, 0.26905524730682373, -0.3497626781463623, 0.7799745202064514], [-0.49285051226615906, 0.30601027607917786, -0.5617883205413818, 0.7941290140151978]], [[0.5998762249946594, -1.017459750175476, 0.09147647768259048, -0.3765900731086731], [0.5125235915184021, 0.6652562618255615, -0.22122688591480255, 0.1762540191411972], [0.3616989552974701, 0.11441698670387268, 0.43815237283706665, 0.20176784694194794], [1.0245479345321655, 0.44021689891815186, 0.4496995806694031, -0.1943686306476593]], [[0.07372557371854782, -2.555577039718628, -0.5535690784454346, 0.5454015731811523], [1.8530195951461792, -0.32042503356933594, 1.422668218612671, 0.08815965056419373], [1.756546139717102, -1.505544900894165, 1.4506146907806396, 0.26545819640159607], [1.3926010131835938, -2.1856119632720947, 0.9542819261550903, 0.18712839484214783]], [[2.465296983718872, 4.506444931030273, -1.141352653503418, -1.9847326278686523], [-3.707493543624878, 0.059584278613328934, -1.9347208738327026, -1.4028171300888062], [-1.0722625255584717, -0.12594003975391388, -0.8168472647666931, -0.8335943818092346], [-0.3532770872116089, 1.3011493682861328, -0.9038217067718506, -1.030623197555542]], [[0.11378991603851318, -0.16841411590576172, 0.03653222322463989, -0.1752028465270996], [-0.004994451999664307, 0.015301883220672607, 0.16910827159881592, 0.17026865482330322], [0.0258711576461792, -0.003019392490386963, -0.007052302360534668, -0.13514673709869385], [-0.02744579315185547, 0.09060513973236084, -0.13754510879516602, -0.08209794759750366]]]}, "dense": {"bias:0": [0.07478708028793335], "kernel:0": [[-0.13003572821617126], [0.06474395096302032], [-0.06054234132170677], [0.07369235903024673], [-0.02056667022407055], [-0.41816601157188416], [0.06715546548366547], [-0.11874836683273315], [0.14370353519916534], [0.08142243325710297], [-0.280021071434021], [-0.03319322317838669], [-0.07815323024988174], [0.018537376075983047], [0.015448798425495625], [0.12391825765371323], [0.028011107817292213], [0.07155497372150421], [-0.042656268924474716], [0.04800775274634361], [-0.03695087134838104], [0.2504453659057617], [0.04045896232128143], [0.08412089198827744]]}, "lstm": {"lstm_cell": {},