{"conv1d": {"bias:0": [0.006260210648179054, -0.0038287017960101366, 0.003642510389909148, -0.02924705483019352], "kernel:0": [[[1.049025058746338, 0.6737907528877258, 0.8160873651504517, 0.28697457909584045]], [[0.9203053116798401, 0.7671262621879578, 1.435671329498291, 0.631610095500946]], [[1.6831436157226562, 1.3996713161468506, 1.6950117349624634, 1.3544381856918335]], [[1.6151164770126343, 1.0937668085098267, 1.172855257987976, 2.1049160957336426]], [[1.2427308559417725, 1.5078014135360718, 0.8181450366973877, 2.528787612915039]], [[0.47556644678115845, 0.8985944390296936, 0.5277791023254395, 2.9323549270629883]], [[0.22700135409832, 0.2282402068376541, -0.19317583739757538, 2.754507541656494]], [[-1.0649633407592773, -0.40246090292930603, -0.9356217980384827, 2.6031405925750732]], [[-1.3214914798736572, -0.7287387847900391, -1.4504897594451904, 2.686748504638672]], [[-2.2282819747924805, -1.533008337020874, -2.1579699516296387, 2.3030245304107666]], [[-2.265528917312622, -1.722198247909546, -2.0873470306396484, 1.1103349924087524]], [[-2.0883595943450928, -1.8065892457962036, -1.853783130645752, 0.20640093088150024]]]}, "conv1d_1": {"bias:0": [0.011426486074924469, 0.0007038130424916744, -0.01310030184686184, -0.007698374800384045], "kernel:0": [[[0.030508756637573242, 0.07108718156814575, 0.11518800258636475, -0.13863050937652588], [0.19994783401489258, 0.13390237092971802, -0.1971290111541748, -0.14576774835586548], [0.1504080891609192, 0.13586044311523438, 0.11429935693740845, -0.24082809686660767], [-0.13726186752319336, -0.19628041982650757, 0.1227685809135437, -0.1808408498764038]], [[0.002236278960481286, 0.17426738142967224, -0.22574177384376526, -0.01542280800640583], [0.04095511883497238, 0.0012954899575561285, 0.08961097151041031, -0.04753079637885094], [-0.045973487198352814, -0.05611994117498398, 0.06665413081645966, 0.18565286695957184], [0.03336667641997337, 0.02627396024763584, -0.02903805673122406, -0.01088640559464693]], [[-0.024003243073821068, -0.0022743381559848785, -0.047771014273166656, 0.06174934655427933], [-0.10210578143596649, -0.056073226034641266, -0.20306818187236786, -0.04626620560884476], [-0.06741002202033997, 0.1071571409702301, 0.1361387073993683, 0.1537940800189972], [-0.028352849185466766, 0.05636155977845192, -0.03613371029496193, 0.06055459380149841]], [[-0.11741343140602112, 0.0022887839004397392, 0.046900078654289246, -0.1605178266763687], [0.06269776821136475, 0.02841290459036827, 0.10825954377651215, 0.1717180758714676], [0.31687772274017334, 0.011426161043345928, -0.10625326633453369, 0.0011199958389624953], [0.03954636678099632, 0.07864592969417572, -0.03588564693927765, 0.05341517552733421]], [[0.05156354606151581, -0.16779649257659912, 0.00636171642690897, -0.18137623369693756], [0.050061702728271484, 0.0007512676529586315, 0.17760665714740753, 0.24019953608512878], [0.11057168245315552, 0.1150788888335228, -0.16708864271640778, -0.010989979840815067], [0.0229063518345356, 0.08780138939619064, -0.057133473455905914, -0.003016853705048561]], [[-0.030579615384340286, 0.16590717434883118, 0.00981732364743948, 0.11236320436000824], [0.2021062672138214, -0.17127004265785217, -0.2579666078090668, -0.0794263556599617], [0.12068342417478561, -0.12279491871595383, 0.019288552924990654, 0.14046812057495117], [-0.03209295868873596, 0.06796939671039581, -0.07956646382808685, -0.04362652823328972]], [[0.20113703608512878, 0.07880079746246338, -0.05850120633840561, 0.36924317479133606], [0.13966631889343262, 0.10634870082139969, 0.05557684600353241, 0.2454098016023636], [0.204672172665596, -0.10381413996219635, -0.03585037216544151, -0.10120099037885666], [-0.21609841287136078, 0.021768927574157715, -0.2150232344865799, -0.12493263930082321]], [[0.116245336830616, 0.1427997201681137, -0.1170777827501297, 0.408793181180954], [0.26576539874076843, -0.10132116079330444, -0.18259736895561218, 0.29860439896583557], [0.36832132935523987, 0.03939797729253769, -6.064772605895996e-06, 0.12948791682720184], [-0.542351484298706, 0.057952191680669785, -0.20779994130134583, -0.3575860559940338]], [[-0.019668828696012497, -0.30776241421699524, -0.5089961886405945, 0.45135223865509033], [0.1373433917760849, -0.2648112177848816, -0.4320128560066223, 0.38135358691215515], [0.0927688330411911, 0.11773528158664703, -0.25466594099998474, 0.3033665418624878], [-1.1748952865600586, -0.08904778212308884, -0.19320958852767944, -1.2609481811523438]], [[-1.4255443811416626, -1.1459202766418457, -1.2706446647644043, 0.18933671712875366], [-1.4939284324645996, -0.9371839165687561, -1.082957148551941, -0.9371464848518372], [-2.004128932952881, -1.3709043264389038, -1.664977788925171, 0.39820581674575806], [0.4509495794773102, 1.1179627180099487, 1.480522871017456, -2.5376577377319336]], [[-2.2833120822906494, 1.724226474761963, 1.9435491561889648, 0.8573466539382935], [-1.7781639099121094, 1.0142126083374023, 1.5883405208587646, 0.887646496295929], [-2.146799087524414, 1.8097023963928223, 2.2506439685821533, 0.6015109419822693], [0.5537770390510559, -1.9007177352905273, 0.013094775378704071, 4.0572285652160645]], [[-0.20500493049621582, -0.17329657077789307, -0.18198120594024658, -0.24959683418273926], [0.03976935148239136, -0.2364906668663025, 0.15816408395767212, -0.002089381217956543], [-0.1870654821395874, 0.04681879281997681, 0.041119158267974854, 0.2223573923110962], [0.24864047765731812, -0.17920535802841187, 0.22027677297592163, -0.08484470844268799]]]}, "dense": {"bias:0": [-0.00968987587839365], "kernel:0": [[-0.15103811025619507], [-0.017681043595075607], [0.16501954197883606], [0.12527497112751007], [0.0829484835267067], [-0.08375892043113708], [0.11856858432292938], [0.0685998871922493], [-0.031067969277501106], [0.04099729657173157], [0.023330390453338623], [-0.10644306987524033], [0.11841483414173126], [-0.038415759801864624], [0.01038246788084507], [0.04290532320737839], [-0.05994924530386925], [0.08103450387716293], [0.0617542564868927], [-0.21082647144794464], [-0.2644983232021332], [-0.5710932016372681], [-0.06121291220188141], [0.08948489278554916]]}, "lstm": {"lstm_cell": {},