{"conv1d": {"bias:0": [0.0005545538733713329, 0.0003013080859091133, 0.002959104022011161, -0.0028296462260186672], "kernel:0": [[[-1.1039786338806152, -1.4448902606964111, -0.6466214656829834, -0.8125687837600708]], [[0.07517945766448975, -0.011215921491384506, 0.2961205840110779, -0.31059908866882324]], [[0.9967242479324341, 0.3544786870479584, 0.08160565793514252, -0.4441378712654114]], [[1.1403155326843262, 0.4756178855895996, 0.03724970296025276, -0.44006437063217163]], [[0.8092645406723022, -0.2690441310405731, -0.6810469627380371, -0.7162752747535706]], [[0.7187333106994629, -0.17973655462265015, -0.8275423645973206, -0.735215425491333]], [[0.008380038663744926, 0.1300434023141861, -0.7543164491653442, -0.33991745114326477]], [[-0.39169833064079285, 0.3195408880710602, -0.5258012413978577, 0.09767428040504456]], [[-0.7289502024650574, 0.5853593945503235, -0.11964570730924606, 0.4638833701610565]], [[-0.7418164014816284, 0.315037339925766, 0.33725741505622864, 0.7425787448883057]], [[-0.7478829622268677, 0.7575159072875977, 0.8635976910591125, 0.39369383454322815]], [[-0.3733445405960083, 0.3112269937992096, 1.0257351398468018, 0.08410128206014633]]]}, "conv1d_1": {"bias:0": [0.020347559824585915, -0.06756961345672607, -0.007957138121128082, 0.025564365088939667], "kernel:0": [[[-0.07486802339553833, 0.08937942981719971, -0.12847739458084106, -0.10343194007873535], [-0.16856974363327026, -0.04761195182800293, -0.11792981624603271, 0.08613604307174683], [0.08447688817977905, -0.0547562837600708, -0.2124118208885193, 0.011123239994049072], [-0.13245028257369995, -0.027160704135894775, 0.22051239013671875, 0.23285603523254395]], [[-0.13792061805725098, 0.4954112768173218, 1.739257574081421, -1.1668204069137573], [-0.3075104355812073, 0.3926669955253601, 1.4156057834625244, -0.8488283157348633], [-0.05236463248729706, 0.07889606058597565, 0.783089280128479, -0.6267750859260559], [-0.8421239852905273, 0.19153761863708496, 0.6909626722335815, -0.4605240821838379]], [[-0.03693583980202675, -0.03709794208407402, -0.5079610347747803, 0.12695927917957306], [-0.18364311754703522, -0.23634006083011627, -0.24192725121974945, 0.15441392362117767], [-0.05637096241116524, 0.05048319697380066, -0.22116565704345703, 0.005339612253010273], [-0.19500653445720673, 0.1604831963777542, 0.21810048818588257, -0.0989748165011406]], [[-0.014561228454113007, -0.07133175432682037, -0.19731058180332184, -0.39890071749687195], [0.05071542039513588, -0.07059185951948166, 0.48168936371803284, -0.31450745463371277], [-0.0491323247551918, 0.09090398252010345, -0.13591274619102478, 0.08061312139034271], [0.08805036544799805, 0.0094304159283638, 0.02543819136917591, -0.19477927684783936]], [[-0.14805617928504944, -0.2601395547389984, 0.061192236840724945, -0.1646765023469925], [-0.10870740562677383, -0.2972710132598877, -0.009729074314236641, 0.15018360316753387], [0.4229064881801605, -0.009884770959615707, 0.2104688435792923, -0.18551938235759735], [0.16586622595787048, 0.3822750151157379, 0.4338899552822113, -0.03803371638059616]], [[0.09936333447694778, 0.1790439933538437, 0.21877573430538177, 0.2027898132801056], [-0.41585567593574524, -0.6825515627861023, -0.7781803011894226, -0.04381454363465309], [0.503444492816925, 0.14688058197498322, 0.10485280305147171, -0.29372650384902954], [-0.07232445478439331, 0.2351447194814682, -0.0355246476829052, 0.44485965371131897]], [[0.13238315284252167, 0.13812437653541565, 0.14670151472091675, 0.5918401479721069], [0.26763492822647095, 0.5958791375160217, 0.18413563072681427, 0.3241936266422272], [-0.5267468094825745, -0.12114071846008301, -0.7764283418655396, 0.15263022482395172], [-0.019742274656891823, -0.8168849945068359, -0.6046997904777527, 0.09030692279338837]], [[0.44718703627586365, -0.27353236079216003, 0.37947800755500793, -0.47084805369377136], [-0.5494337677955627, 0.8949298858642578, -0.2315758466720581, 0.8539711833000183], [-0.26544854044914246, 0.31669092178344727, -0.27285870909690857, -0.8374890685081482], [0.06330081075429916, -0.6873205304145813, -0.34788036346435547, -0.17963403463363647]], [[1.6429815292358398, -2.0269150733947754, 1.3323091268539429, -1.668631911277771], [0.1397729516029358, 1.1398286819458008, -1.0005217790603638, -0.16643455624580383], [-1.171502709388733, 0.09339950233697891, -0.7733776569366455, 0.9950781464576721], [-0.7688894867897034, -0.1663883626461029, -0.3353407680988312, 1.6699295043945312]], [[0.17426249384880066, -1.1525661945343018, 0.2753680348396301, -0.06617073714733124], [0.07646849751472473, -0.8181930780410767, 0.3175930678844452, -0.17854107916355133], [0.3637297451496124, -0.5045813322067261, 0.2755533754825592, 0.24434180557727814], [0.25410720705986023, -0.55644690990448, 0.10534895211458206, 0.19177879393100739]], [[0.6075724959373474, -0.16500498354434967, 0.2563365697860718, 0.010066099464893341], [-0.4394364356994629, -0.12370751798152924, 0.19805891811847687, -0.16900645196437836], [0.3128723204135895, 0.23065270483493805, 0.5378038287162781, -0.12089259177446365], [0.1615874320268631, -0.4715549945831299, -0.15009430050849915, 0.06279254704713821]], [[-0.19026237726211548, 0.132396399974823, 0.18503278493881226, -0.15606659650802612], [0.032011330127716064, 0.12177294492721558, -0.06665146350860596, 0.11314135789871216], [-0.22402429580688477, 0.08442556858062744, -0.17723292112350464, -0.20788240432739258], [0.06896334886550903, -0.014718592166900635, 0.19019001722335815, 0.1116684079170227]]]}, "dense": {"bias:0": [-0.007659558206796646], "kernel:0": [[-0.3880917429924011], [0.00042625164496712387], [-0.0010740053839981556], [0.14889457821846008], [0.11259004473686218], [0.22019851207733154], [-0.23224768042564392], [0.12354692071676254], [-0.1695440113544464], [0.32283705472946167], [0.12797565758228302], [-0.05599796026945114], [-0.12420658022165298], [-0.16134195029735565], [0.05032753571867943], [0.0018940309528261423], [0.10197427868843079], [0.004231181927025318], [0.251602441072464], [-0.38453108072280884], [-0.1850137859582901], [-0.17254474759101868], [-0.25345170497894287], [0.31807783246040344]]}, "lstm": {"lstm_cell": {},