{"conv1d": {"bias:0": [0.02913527749478817, -0.08695704489946365, 0.036747176200151443, -0.0099447937682271], "kernel:0": [[[1.429826259613037, -3.925093412399292, 1.7763640880584717, 1.5257594585418701]], [[2.225970983505249, -2.4355056285858154, 1.9502346515655518, 1.726290225982666]], [[3.3633551597595215, -1.494712471961975, 1.7133129835128784, 1.0988277196884155]], [[3.5405266284942627, -0.5791860222816467, 1.2717652320861816, 0.8314865827560425]], [[2.825667142868042, 0.3485858142375946, 0.3810877501964569, 1.2428181171417236]], [[2.1841859817504883, 0.6481664776802063, -0.7929248213768005, 1.264867901802063]], [[0.9023438692092896, 0.6171096563339233, -1.8622981309890747, 1.1474902629852295]], [[-0.031094154343008995, 0.9302313923835754, -2.3269166946411133, 1.0430392026901245]], [[-1.1674790382385254, 0.87861168384552, -3.2412266731262207, 1.22999906539917]], [[-1.3641276359558105, 0.3320281207561493, -3.106410503387451, 0.621613621711731]], [[-1.657713770866394, -0.4136991798877716, -2.4491324424743652, 0.11555324494838715]], [[-0.6165153384208679, -0.715965747833252, -1.423183798789978, 0.11224088817834854]]]}, "conv1d_1": {"bias:0": [0.12961217761039734, -0.033817581832408905, 0.040358223021030426, -0.15802101790905], "kernel:0": [[[-0.1667565107345581, 0.050332069396972656, -0.05173695087432861, -0.24889689683914185], [0.18187808990478516, -0.1635109782218933, 0.034341275691986084, 0.048111915588378906], [0.18869173526763916, -0.08876824378967285, -0.17829835414886475, -0.23316627740859985], [0.2349604368209839, -0.22374290227890015, 0.09228956699371338, 0.06322628259658813]], [[0.31625089049339294, -0.5820326209068298, 0.19452126324176788, -0.18387606739997864], [0.6390764713287354, -0.9017356634140015, 1.669854760169983, -1.3703862428665161], [-0.4934943914413452, 0.24189627170562744, -0.9129787087440491, 0.7624179124832153], [-0.022400764748454094, 0.001871217042207718, -0.24227556586265564, -0.0955318734049797]], [[-0.5857113599777222, 0.22974562644958496, -0.25075563788414, 0.3006547689437866], [0.1638443022966385, -0.09402410686016083, 0.752530038356781, -0.9605359435081482], [-0.22225692868232727, 0.14905162155628204, -0.19125264883041382, 0.03196520358324051], [-0.07121000438928604, -0.16614140570163727, -0.13137634098529816, 0.39159002900123596]], [[-0.2988826036453247, -0.07198408246040344, 0.0860314592719078, 0.4601982831954956], [-0.09182032942771912, -0.17680390179157257, 0.5855980515480042, -0.7176058888435364], [-0.40178874135017395, 0.30497628450393677, -0.3663595914840698, -0.09226572513580322], [0.027196664363145828, 0.13531528413295746, -0.14815238118171692, -0.08316518366336823]], [[-0.8053618669509888, 0.11716526746749878, -0.4631024897098541, 0.7318580746650696], [-0.028237871825695038, -0.3881768584251404, 0.5400084257125854, -0.6556516289710999], [-0.366807222366333, 0.3244723677635193, -0.7838773727416992, -0.08326482772827148], [-0.0618051141500473, 0.16232143342494965, -0.2345285713672638, 0.49696093797683716]], [[-0.8493490815162659, -0.20628391206264496, -1.090067982673645, 1.2589213848114014], [0.023569965735077858, -0.04527341574430466, 0.06762994825839996, -0.3243841826915741], [0.614755392074585, 0.3721301853656769, 0.3229372203350067, -1.5297449827194214], [-0.4459282159805298, -0.28323861956596375, -1.2281097173690796, 1.2849631309509277]], [[0.39451363682746887, 1.059234619140625, 1.6483759880065918, -0.15293365716934204], [-0.5592756867408752, -0.6294472813606262, -1.0234076976776123, 0.5289841294288635], [0.36876219511032104, -0.17723433673381805, -0.7152102589607239, -1.3362655639648438], [0.12201129645109177, 0.8683392405509949, 1.608747124671936, 0.37274521589279175]], [[2.0768635272979736, 0.9330295920372009, -0.1269979178905487, 1.0349385738372803], [-0.6156792640686035, -0.07026341557502747, -0.15740324556827545, 0.39681628346443176], [-3.3970799446105957, 0.8394290208816528, 0.9384979605674744, 1.186336874961853], [2.6102781295776367, 0.0180220864713192, -0.8289391994476318, 0.26432323455810547]], [[-1.1158859729766846, -2.496105194091797, 1.6718379259109497, -0.5716956853866577], [1.0663810968399048, 1.986008644104004, -1.0432584285736084, 2.264761447906494], [2.6971402168273926, -3.43281888961792, 2.446237325668335, 3.662278413772583], [-1.596919059753418, -0.9497422575950623, 0.5654459595680237, -2.413536787033081]], [[-0.24453414976596832, 0.18723201751708984, -0.13691632449626923, -0.05446775257587433], [0.11412185430526733, 0.1075100302696228, 0.5436393022537231, 0.9933162927627563], [0.04039060324430466, 0.01058139093220234, -0.3573768436908722, -0.039479415863752365], [0.18941712379455566, -0.1412782073020935, -0.15734164416790009, -0.308980256319046]], [[-0.012889481149613857, -0.14115440845489502, 0.02422241121530533, 0.2236163467168808], [-0.01863812655210495, -0.4402241110801697, 0.4263107478618622, 0.053589966148138046], [-0.027702346444129944, 0.19222328066825867, 0.3711007833480835, -0.12909948825836182], [-0.31309738755226135, 0.07253134250640869, 0.04426778107881546, 0.03136613219976425]], [[-0.06826436519622803, -0.1640843152999878, 0.10978126525878906, -0.11237740516662598], [0.16948729753494263, -0.13758248090744019, 0.038976192474365234, 0.17655211687088013], [-0.01897728443145752, 0.1793663501739502, 0.19918859004974365, 0.12595897912979126], [-0.17693716287612915, 0.12272202968597412, 0.2317579984664917, 0.023634374141693115]]]}, "dense": {"bias:0": [0.004886694252490997], "kernel:0": [[-0.16678297519683838], [-0.022176340222358704], [-0.10120895504951477], [0.043816953897476196], [-0.14973759651184082], [0.07443724572658539], [0.11196430772542953], [-0.15315645933151245], [0.2010873258113861], [-0.14746080338954926], [-0.042282674461603165], [0.24890781939029694], [0.05606633797287941], [-0.17751498520374298], [-0.3257066309452057], [0.05292131006717682], [0.3423444926738739], [0.34638920426368713], [0.3063899278640747], [0.04263906925916672], [0.06142163276672363], [0.2552207112312317], [-0.09644503146409988], [-0.15201224386692047]]}, "lstm": {"lstm_cell": {},